match_type,match_date,tournament_name,surface,tournament_country,round_name,draw,result,result_status,winner_entry,winner_seed,winner_name,winner_country,loser_entry,loser_seed,loser_name,loser_country
Fed/BJK Cup,2025-11-16,Play-Offs - Group C,Clay,Argentina,Round Robin,Main Draw,6-3 7-6(8),,,,Simona Waltert,SUI,,,Solana Sierra,ARG
Fed/BJK Cup,2025-11-16,Play-Offs - Group C,Clay,Argentina,Round Robin,Main Draw,6-2 6-0,,,,Julia Riera,ARG,,,Susan Bandecchi,SUI
Fed/BJK Cup,2025-11-14,Play-Offs - Group C,Clay,Argentina,Round Robin,Main Draw,6-2 6-1,,,,Julia Riera,ARG,,,Viktoria Hruncakova,SVK
Fed/BJK Cup,2025-11-14,Play-Offs - Group C,Clay,Argentina,Round Robin,Main Draw,6-2 6-4,,,,Solana Sierra,ARG,,,Rebecca Sramkova,SVK
Fed/BJK Cup,2025-04-12,Group I Americas,Hard,Mexico,Round Robin,Main Draw,6-3 6-4,,,,Victoria Rodriguez,MEX,,,Jazmin Ortenzi,ARG
Fed/BJK Cup,2025-04-12,Group I Americas,Hard,Mexico,Round Robin,Main Draw,6-3 1-6 6-2,,,,Ana Sofia Sanchez,MEX,,,Julia Riera,ARG
Fed/BJK Cup,2025-04-11,Group I Americas,Hard,Mexico,Round Robin,Main Draw,6-0 6-1,,,,Jazmin Ortenzi,ARG,,,Victoria Lopez Ocampos,PAR
Fed/BJK Cup,2025-04-11,Group I Americas,Hard,Mexico,Round Robin,Main Draw,6-4 6-4,,,,Julia Riera,ARG,,,Leyla Fiorella Britez Risso,PAR
Fed/BJK Cup,2025-04-10,Group I Americas,Hard,Mexico,Round Robin,Main Draw,6-2 6-1,,,,Jazmin Ortenzi,ARG,,,Sabrina Balderrama,VEN
Fed/BJK Cup,2025-04-10,Group I Americas,Hard,Mexico,Round Robin,Main Draw,6-2 6-3,,,,Julia Riera,ARG,,,Sofia Elena Cabezas Dominguez,VEN
Fed/BJK Cup,2025-04-09,Group I Americas,Hard,Mexico,Round Robin,Main Draw,6-0 6-1,,,,Julia Riera,ARG,,,Fernanda Labrana,CHI
Fed/BJK Cup,2025-04-09,Group I Americas,Hard,Mexico,Round Robin,Main Draw,6-2 6-2,,,,Jazmin Ortenzi,ARG,,,Antonia Vergara Rivera,CHI
Fed/BJK Cup,2025-04-08,Group I Americas,Hard,Mexico,Round Robin,Main Draw,6-2 6-7(5) 6-0,,,,Julia Riera,ARG,,,Kirsten-Andrea Weedon,GUA
Fed/BJK Cup,2025-04-08,Group I Americas,Hard,Mexico,Round Robin,Main Draw,6-0 6-0,,,,Jazmin Ortenzi,ARG,,,Nina Marcela Chavez Vicente,GUA
Fed/BJK Cup,2024-11-16,Play-Offs - Brazil vs Argentina,I.clay,Brazil,Last 16,Main Draw,6-2 6-1,,,,Jazmin Ortenzi,ARG,,,Laura Pigossi,BRA
Fed/BJK Cup,2024-11-16,Play-Offs - Brazil vs Argentina,I.clay,Brazil,Last 16,Main Draw,1-6 6-4 6-1,,,,Beatriz Haddad Maia,BRA,,,Solana Sierra,ARG
Fed/BJK Cup,2024-11-15,Play-Offs - Brazil vs Argentina,I.clay,Brazil,Last 16,Main Draw,3-6 7-5 6-2,,,,Beatriz Haddad Maia,BRA,,,Jazmin Ortenzi,ARG
Fed/BJK Cup,2024-11-15,Play-Offs - Brazil vs Argentina,I.clay,Brazil,Last 16,Main Draw,3-6 6-1 6-2,,,,Solana Sierra,ARG,,,Laura Pigossi,BRA
Fed/BJK Cup,2024-04-13,Group I Americas,Clay,Colombia,Round Robin,Main Draw,6-1 6-2,,,,Julia Riera,ARG,,,Maria Paulina Perez-Garcia,COL
Fed/BJK Cup,2024-04-13,Group I Americas,Clay,Colombia,Round Robin,Main Draw,6-3 6-4,,,,Yuliana Lizarazo,COL,,,Martina Capurro Taborda,ARG
Fed/BJK Cup,2024-04-12,Group I Americas,Clay,Colombia,Round Robin,Main Draw,7-5 6-2,,,,Julia Riera,ARG,,,Fernanda Labrana,CHI
Fed/BJK Cup,2024-04-12,Group I Americas,Clay,Colombia,Round Robin,Main Draw,6-2 6-7(1) 6-3,,,,Maria Lourdes Carle,ARG,,,Daniela Seguel,CHI
Fed/BJK Cup,2024-04-11,Group I Americas,Clay,Colombia,Round Robin,Main Draw,6-0 6-1,,,,Maria Lourdes Carle,ARG,,,Vanesa Suarez,VEN
Fed/BJK Cup,2024-04-11,Group I Americas,Clay,Colombia,Round Robin,Main Draw,6-0 6-2,,,,Julia Riera,ARG,,,Sabrina Balderrama,VEN
Fed/BJK Cup,2024-04-10,Group I Americas,Clay,Colombia,Round Robin,Main Draw,6-0 6-1,,,,Julia Riera,ARG,,,Tania Isabel Andrade Sabando,ECU
Fed/BJK Cup,2024-04-10,Group I Americas,Clay,Colombia,Round Robin,Main Draw,6-2 6-2,,,,Martina Capurro Taborda,ARG,,,Valentina Ponce Serrano,ECU
Fed/BJK Cup,2024-04-09,Group I Americas,Clay,Colombia,Round Robin,Main Draw,6-2 6-1,,,,Martina Capurro Taborda,ARG,,,Francesca Maguina Bunikowska,PER
Fed/BJK Cup,2024-04-09,Group I Americas,Clay,Colombia,Round Robin,Main Draw,6-2 6-1,,,,Julia Riera,ARG,,,Romina Ccuno,PER
Fed/BJK Cup,2023-11-11,Play-Offs - Slovakia vs Argentina,I.hard,Slovakia,Last 16,Main Draw,3-6 6-4 6-4,,,,Viktoria Hruncakova,SVK,,,Julia Riera,ARG
Fed/BJK Cup,2023-11-11,Play-Offs - Slovakia vs Argentina,I.hard,Slovakia,Last 16,Main Draw,6-1 6-4,,,,Renata Jamrichova,SVK,,,Nadia Podoroska,ARG
Fed/BJK Cup,2023-11-10,Play-Offs - Slovakia vs Argentina,I.hard,Slovakia,Last 16,Main Draw,7-5 7-5,,,,Julia Riera,ARG,,,Anna Karolina Schmiedlova,SVK
Fed/BJK Cup,2023-11-10,Play-Offs - Slovakia vs Argentina,I.hard,Slovakia,Last 16,Main Draw,3-6 6-3 6-3,,,,Viktoria Hruncakova,SVK,,,Nadia Podoroska,ARG
Fed/BJK Cup,2023-04-15,Group I Americas,Clay,Colombia,Round Robin,Main Draw,6-3 6-2,,,,Julia Riera,ARG,,,Maria Herazo,COL
Fed/BJK Cup,2023-04-15,Group I Americas,Clay,Colombia,Round Robin,Main Draw,6-1 6-0,,,,Martina Capurro Taborda,ARG,,,Yuliana Monroy,COL
Fed/BJK Cup,2023-04-14,Group I Americas,Clay,Colombia,Round Robin,Main Draw,7-5 6-1,,,,Lucciana Perez Alarcon,PER,,,Martina Capurro Taborda,ARG
Fed/BJK Cup,2023-04-14,Group I Americas,Clay,Colombia,Round Robin,Main Draw,6-0 6-0,,,,Julia Riera,ARG,,,Romina Ccuno,PER
Fed/BJK Cup,2023-04-13,Group I Americas,Clay,Colombia,Round Robin,Main Draw,6-2 ret.,,,,Julia Riera,ARG,,,Daniela Seguel,CHI
Fed/BJK Cup,2023-04-13,Group I Americas,Clay,Colombia,Round Robin,Main Draw,6-3 6-0,,,,Martina Capurro Taborda,ARG,,,Fernanda Labrana,CHI
Fed/BJK Cup,2023-04-12,Group I Americas,Clay,Colombia,Round Robin,Main Draw,6-4 6-0,,,,Martina Capurro Taborda,ARG,,,Catalina Padilla Udaeta,BOL
Fed/BJK Cup,2023-04-12,Group I Americas,Clay,Colombia,Round Robin,Main Draw,6-2 6-1,,,,Julia Riera,ARG,,,Noelia Zeballos Melgar,BOL
Fed/BJK Cup,2023-04-11,Group I Americas,Clay,Colombia,Round Robin,Main Draw,6-7(5) 6-0 6-1,,,,Julia Riera,ARG,,,Maria Gabriela Rivera Corado,GUA
Fed/BJK Cup,2023-04-11,Group I Americas,Clay,Colombia,Round Robin,Main Draw,6-2 6-3,,,,Martina Capurro Taborda,ARG,,,Kirsten-Andrea Weedon,GUA
Fed/BJK Cup,2022-11-12,Play-Offs - Brazil vs Argentina,Clay,Argentina,Last 16,Main Draw,6-2 6-0,,,,Laura Pigossi,BRA,,,Solana Sierra,ARG
Fed/BJK Cup,2022-11-12,Play-Offs - Brazil vs Argentina,Clay,Argentina,Last 16,Main Draw,6-3 6-3,,,,Beatriz Haddad Maia,BRA,,,Maria Lourdes Carle,ARG
Fed/BJK Cup,2022-11-11,Play-Offs - Brazil vs Argentina,Clay,Argentina,Last 16,Main Draw,6-1 6-3,,,,Beatriz Haddad Maia,BRA,,,Nadia Podoroska,ARG
Fed/BJK Cup,2022-11-11,Play-Offs - Brazil vs Argentina,Clay,Argentina,Last 16,Main Draw,6-2 7-5,,,,Paula Ormaechea,ARG,,,Laura Pigossi,BRA
Fed/BJK Cup,2022-04-16,Group I Americas,Hard,Ecuador,Semi Finals,Promotion Play-off,6-3 6-0,,,,Maria Lourdes Carle,ARG,,,Renata Zarazua Ruckstuhl,MEX
Fed/BJK Cup,2022-04-16,Group I Americas,Hard,Ecuador,Semi Finals,Promotion Play-off,7-5 6-1,,,,Solana Sierra,ARG,,,Marcela Zacarias,MEX
Fed/BJK Cup,2022-04-15,Group I Americas,Hard,Ecuador,Round Robin,Main Draw,6-4 6-0,,,,Solana Sierra,ARG,,,Melissa Morales,GUA
Fed/BJK Cup,2022-04-15,Group I Americas,Hard,Ecuador,Round Robin,Main Draw,3-6 6-3 6-3,,,,Jazmin Ortenzi,ARG,,,Kirsten-Andrea Weedon,GUA
Fed/BJK Cup,2022-04-14,Group I Americas,Hard,Ecuador,Round Robin,Main Draw,7-6(1) 4-6 7-6(12),,,,Solana Sierra,ARG,,,Laura Pigossi,BRA
Fed/BJK Cup,2022-04-14,Group I Americas,Hard,Ecuador,Round Robin,Main Draw,6-7(10) 6-3 7-6(5),,,,Beatriz Haddad Maia,BRA,,,Maria Lourdes Carle,ARG
Fed/BJK Cup,2022-04-13,Group I Americas,Hard,Ecuador,Round Robin,Main Draw,6-2 6-3,,,,Solana Sierra,ARG,,,Yuliana Lizarazo,COL
Fed/BJK Cup,2022-04-13,Group I Americas,Hard,Ecuador,Round Robin,Main Draw,3-6 7-5 6-2,,,,Maria Lourdes Carle,ARG,,,Maria Herazo,COL
Fed/BJK Cup,2021-04-17,Play-Offs - Kazakhstan vs Argentina,Clay,Argentina,Last 16,Main Draw,6-7(3) 7-6(3),,,,Maria Lourdes Carle,ARG,,,Yulia Putintseva,KAZ
Fed/BJK Cup,2021-04-17,Play-Offs - Kazakhstan vs Argentina,Clay,Argentina,Last 16,Main Draw,6-4 6-4,,,,Elena Rybakina,KAZ,,,Nadia Podoroska,ARG
Fed/BJK Cup,2021-04-16,Play-Offs - Kazakhstan vs Argentina,Clay,Argentina,Last 16,Main Draw,2-6 6-4 6-0,,,,Yulia Putintseva,KAZ,,,Nadia Podoroska,ARG
Fed/BJK Cup,2021-04-16,Play-Offs - Kazakhstan vs Argentina,Clay,Argentina,Last 16,Main Draw,6-4 3-6 6-0,,,,Maria Lourdes Carle,ARG,,,Elena Rybakina,KAZ
Fed/BJK Cup,2020-02-08,Group I Americas,Clay,Chile,Semi Finals,Promotion Play-off,7-5 6-2,,,,Nadia Podoroska,ARG,,,Emiliana Arango,COL
Fed/BJK Cup,2020-02-08,Group I Americas,Clay,Chile,Semi Finals,Promotion Play-off,6-4 6-4,,,,Paula Ormaechea,ARG,,,Camila Osorio Serrano,COL
Fed/BJK Cup,2020-02-07,Group I Americas,Clay,Chile,Round Robin,Main Draw,7-5 6-1,,,,Victoria Bosio,ARG,,,Daianne Hayashida,PER
Fed/BJK Cup,2020-02-07,Group I Americas,Clay,Chile,Round Robin,Main Draw,6-1 6-1,,,,Paula Ormaechea,ARG,,,Romina Ccuno,PER
Fed/BJK Cup,2020-02-06,Group I Americas,Clay,Chile,Round Robin,Main Draw,6-2 6-3,,,,Nadia Podoroska,ARG,,,Barbara Gatica,CHI
Fed/BJK Cup,2020-02-06,Group I Americas,Clay,Chile,Round Robin,Main Draw,6-3 6-3,,,,Paula Ormaechea,ARG,,,Daniela Seguel,CHI
Fed/BJK Cup,2020-02-05,Group I Americas,Clay,Chile,Round Robin,Main Draw,6-2 6-0,,,,Nadia Podoroska,ARG,,,Fernanda Contreras Gomez,MEX
Fed/BJK Cup,2020-02-05,Group I Americas,Clay,Chile,Round Robin,Main Draw,6-3 6-4,,,,Giuliana Olmos Dick,MEX,,,Paula Ormaechea,ARG
Fed/BJK Cup,2019-02-09,Group I Americas,Clay,Colombia,Semi Finals,Relegation Play-off,0-6 7-5 7-6(1),,,,Charlotte Roemer,ECU,,,Victoria Bosio,ARG
Fed/BJK Cup,2019-02-09,Group I Americas,Clay,Colombia,Semi Finals,Relegation Play-off,7-5 6-2,,,,Catalina Pella,ARG,,,Mell Elizabeth Reasco Gonzalez,ECU
Fed/BJK Cup,2019-02-08,Group I Americas,Clay,Colombia,Round Robin,Main Draw,6-7(3) 7-5 7-6(4),,,,Victoria Bosio,ARG,,,Beatriz Haddad Maia,BRA
Fed/BJK Cup,2019-02-08,Group I Americas,Clay,Colombia,Round Robin,Main Draw,6-4 6-4,,,,Carolina Alves,BRA,,,Catalina Pella,ARG
Fed/BJK Cup,2019-02-07,Group I Americas,Clay,Colombia,Round Robin,Main Draw,7-5 7-6(4),,,,Daniela Seguel,CHI,,,Victoria Bosio,ARG
Fed/BJK Cup,2019-02-07,Group I Americas,Clay,Colombia,Round Robin,Main Draw,6-4 6-3,,,,Fernanda Brito,CHI,,,Catalina Pella,ARG
Fed/BJK Cup,2019-02-06,Group I Americas,Clay,Colombia,Round Robin,Main Draw,6-3 6-1,,,,Catalina Pella,ARG,,,Lauren Anzalotta Kynoch,PUR
Fed/BJK Cup,2019-02-06,Group I Americas,Clay,Colombia,Round Robin,Main Draw,3-6 7-5 6-2,,,,Monica Puig,PUR,,,Victoria Bosio,ARG
Fed/BJK Cup,2018-02-10,Group I Americas,Clay,Paraguay,Final,3rd to 4th Play-off,6-4 6-4,,,,Stephanie Mariel Petit,ARG,,,Maria Paulina Perez-Garcia,COL
Fed/BJK Cup,2018-02-10,Group I Americas,Clay,Paraguay,Final,3rd to 4th Play-off,6-1 6-4,,,,Paula Ormaechea,ARG,,,Juliana Valero,COL
Fed/BJK Cup,2018-02-09,Group I Americas,Clay,Paraguay,Round Robin,Main Draw,6-2 4-6 6-4,,,,Beatriz Haddad Maia,BRA,,,Catalina Pella,ARG
Fed/BJK Cup,2018-02-09,Group I Americas,Clay,Paraguay,Round Robin,Main Draw,7-5 6-0,,,,Paula Ormaechea,ARG,,,Nathaly Kurata,BRA
Fed/BJK Cup,2018-02-08,Group I Americas,Clay,Paraguay,Round Robin,Main Draw,6-4 1-6 6-1,,,,Paula Ormaechea,ARG,,,Aymet Uzcategui,VEN
Fed/BJK Cup,2018-02-08,Group I Americas,Clay,Paraguay,Round Robin,Main Draw,4-6 6-0 6-1,,,,Catalina Pella,ARG,,,Andrea Gamiz,VEN
Fed/BJK Cup,2018-02-07,Group I Americas,Clay,Paraguay,Round Robin,Main Draw,6-0 6-7(6) 6-2,,,,Catalina Pella,ARG,,,Kirsten-Andrea Weedon,GUA
Fed/BJK Cup,2018-02-07,Group I Americas,Clay,Paraguay,Round Robin,Main Draw,7-5 6-2,,,,Paula Ormaechea,ARG,,,Daniela Schippers,GUA
Fed/BJK Cup,2017-02-11,Group I Americas,Hard,Mexico,Final,3rd to 4th Play-off,6-3 6-4,,,,Montserrat Gonzalez,PAR,,,Maria Irigoyen,ARG
Fed/BJK Cup,2017-02-11,Group I Americas,Hard,Mexico,Final,3rd to 4th Play-off,6-4 6-0,,,,Veronica Cepede Royg,PAR,,,Guadalupe Perez Rojas,ARG
Fed/BJK Cup,2017-02-09,Group I Americas,Hard,Mexico,Round Robin,Main Draw,3-6 6-4 6-2,,,,Teliana Pereira,BRA,,,Catalina Pella,ARG
Fed/BJK Cup,2017-02-09,Group I Americas,Hard,Mexico,Round Robin,Main Draw,6-3 6-4,,,,Nadia Podoroska,ARG,,,Gabriela Ce,BRA
Fed/BJK Cup,2017-02-08,Group I Americas,Hard,Mexico,Round Robin,Main Draw,6-4 6-2,,,,Nadia Podoroska,ARG,,,Giuliana Olmos Dick,MEX
Fed/BJK Cup,2017-02-08,Group I Americas,Hard,Mexico,Round Robin,Main Draw,6-3 6-0,,,,Renata Zarazua Ruckstuhl,MEX,,,Catalina Pella,ARG
Fed/BJK Cup,2017-02-07,Group I Americas,Hard,Mexico,Round Robin,Main Draw,1-6 6-3 7-6(1),,,,Catalina Pella,ARG,,,Mariana Duque-Marino,COL
Fed/BJK Cup,2017-02-07,Group I Americas,Hard,Mexico,Round Robin,Main Draw,6-2 6-2,,,,Nadia Podoroska,ARG,,,Camila Osorio Serrano,COL
Fed/BJK Cup,2017-02-06,Group I Americas,Hard,Mexico,Round Robin,Main Draw,6-3 6-4,,,,Daniela Seguel,CHI,,,Catalina Pella,ARG
Fed/BJK Cup,2017-02-06,Group I Americas,Hard,Mexico,Round Robin,Main Draw,6-0 6-2,,,,Nadia Podoroska,ARG,,,Fernanda Brito,CHI
Fed/BJK Cup,2016-04-17,World Group II - Argentina vs Ukraine,Hard,Ukraine,Quarter Finals,Play-off,Not Played,,,,Nadia Podoroska,ARG,,,Kateryna Volodko,UKR
Fed/BJK Cup,2016-04-17,World Group II - Argentina vs Ukraine,Hard,Ukraine,Quarter Finals,Play-off,6-0 6-3,,,,Lesia Tsurenko,UKR,,,Maria Irigoyen,ARG
Fed/BJK Cup,2016-04-16,World Group II - Argentina vs Ukraine,Hard,Ukraine,Quarter Finals,Play-off,6-1 6-1,,,,Kateryna Volodko,UKR,,,Maria Irigoyen,ARG
Fed/BJK Cup,2016-04-16,World Group II - Argentina vs Ukraine,Hard,Ukraine,Quarter Finals,Play-off,6-1 6-4,,,,Lesia Tsurenko,UKR,,,Nadia Podoroska,ARG
Fed/BJK Cup,2016-02-06,Group I Americas,Clay,Bolivia,Final,Promotion Play-off,6-0 6-2,,,,Catalina Pella,ARG,,,Camila Giangreco Campiz,PAR
Fed/BJK Cup,2016-02-06,Group I Americas,Clay,Bolivia,Final,Promotion Play-off,6-4 6-3,,,,Nadia Podoroska,ARG,,,Montserrat Gonzalez,PAR
Fed/BJK Cup,2016-02-05,Group I Americas,Clay,Bolivia,Round Robin,Main Draw,6-0 6-0,,,,Teliana Pereira,BRA,,,Maria Irigoyen,ARG
Fed/BJK Cup,2016-02-05,Group I Americas,Clay,Bolivia,Round Robin,Main Draw,7-5 6-3,,,,Nadia Podoroska,ARG,,,Beatriz Haddad Maia,BRA
Fed/BJK Cup,2016-02-04,Group I Americas,Clay,Bolivia,Round Robin,Main Draw,7-6(3) 6-2,,,,Maria Irigoyen,ARG,,,Dominique Schaefer,PER
Fed/BJK Cup,2016-02-04,Group I Americas,Clay,Bolivia,Round Robin,Main Draw,6-2 6-1,,,,Nadia Podoroska,ARG,,,Anastasia Iamachkine,PER
Fed/BJK Cup,2016-02-03,Group I Americas,Clay,Bolivia,Round Robin,Main Draw,6-2 6-2,,,,Maria Irigoyen,ARG,,,Charlotte Roemer,ECU
Fed/BJK Cup,2016-02-03,Group I Americas,Clay,Bolivia,Round Robin,Main Draw,6-2 6-1,,,,Nadia Podoroska,ARG,,,Camila Romero,ECU
Fed/BJK Cup,2015-04-19,World Group II - Spain vs Argentina,Clay,Argentina,Quarter Finals,Play-off,6-1 4-6 9-7,,,,Lara Arruabarrena,ESP,,,Paula Ormaechea,ARG
Fed/BJK Cup,2015-04-19,World Group II - Spain vs Argentina,Clay,Argentina,Quarter Finals,Play-off,4-6 7-6(2) 6-1,,,,Sara Sorribes Tormo,ESP,,,Paula Ormaechea,ARG
Fed/BJK Cup,2015-04-19,World Group II - Spain vs Argentina,Clay,Argentina,Quarter Finals,Play-off,Not Played,,,,Maria Irigoyen,ARG,,,Sara Sorribes Tormo,ESP
Fed/BJK Cup,2015-04-19,World Group II - Spain vs Argentina,Clay,Argentina,Quarter Finals,Play-off,6-0 6-1,,,,Lara Arruabarrena,ESP,,,Maria Irigoyen,ARG
Fed/BJK Cup,2015-02-08,World Group II - USA vs Argentina,Clay,Argentina,Quarter Finals,Main Draw,6-3 6-2,,,,Venus Williams,USA,,,Paula Ormaechea,ARG
Fed/BJK Cup,2015-02-08,World Group II - USA vs Argentina,Clay,Argentina,Quarter Finals,Main Draw,6-4 6-4,,,,Paula Ormaechea,ARG,,,CoCo Vandeweghe,USA
Fed/BJK Cup,2015-02-08,World Group II - USA vs Argentina,Clay,Argentina,Quarter Finals,Main Draw,7-5 6-0,,,,Serena Williams,USA,,,Maria Irigoyen,ARG
Fed/BJK Cup,2015-02-08,World Group II - USA vs Argentina,Clay,Argentina,Quarter Finals,Main Draw,6-1 6-4,,,,Venus Williams,USA,,,Maria Irigoyen,ARG
Fed/BJK Cup,2014-04-20,World Group - Russia vs Argentina,I.clay,Russia,Quarter Finals,Play-off,7-5 6-1,,,,Ekaterina Makarova,RUS,,,Maria Irigoyen,ARG
Fed/BJK Cup,2014-04-20,World Group - Russia vs Argentina,I.clay,Russia,Quarter Finals,Play-off,6-1 6-2,,,,Ekaterina Makarova,RUS,,,Paula Ormaechea,ARG
Fed/BJK Cup,2014-04-20,World Group - Russia vs Argentina,I.clay,Russia,Quarter Finals,Play-off,6-3 6-3,,,,Elena Vesnina,RUS,,,Paula Ormaechea,ARG
Fed/BJK Cup,2014-04-20,World Group - Russia vs Argentina,I.clay,Russia,Quarter Finals,Play-off,Not Played,,,,Elena Vesnina,RUS,,,Maria Irigoyen,ARG
Fed/BJK Cup,2014-02-09,World Group II - Argentina vs Japan,Clay,Argentina,Quarter Finals,Main Draw,6-2 3-6 6-3,,,,Paula Ormaechea,ARG,,,Misaki Doi,JPN
Fed/BJK Cup,2014-02-09,World Group II - Argentina vs Japan,Clay,Argentina,Quarter Finals,Main Draw,6-7(7) 6-4 6-4,,,,Maria Irigoyen,ARG,,,Kurumi Nara,JPN
Fed/BJK Cup,2014-02-09,World Group II - Argentina vs Japan,Clay,Argentina,Quarter Finals,Main Draw,6-3 6-4,,,,Paula Ormaechea,ARG,,,Kurumi Nara,JPN
Fed/BJK Cup,2014-02-09,World Group II - Argentina vs Japan,Clay,Argentina,Quarter Finals,Main Draw,Not Played,,,,Misaki Doi,JPN,,,Maria Irigoyen,ARG
Fed/BJK Cup,2013-04-21,World Group II - Great Britain vs Argentina,Clay,Argentina,Quarter Finals,Play-off,6-4 4-6 6-2,,,,Paula Ormaechea,ARG,,,Laura Robson,GBR
Fed/BJK Cup,2013-04-21,World Group II - Great Britain vs Argentina,Clay,Argentina,Quarter Finals,Play-off,7-5 3-6 6-1,,,,Maria Irigoyen,ARG,,,Elena Baltacha,GBR
Fed/BJK Cup,2013-04-21,World Group II - Great Britain vs Argentina,Clay,Argentina,Quarter Finals,Play-off,6-3 6-2,,,,Paula Ormaechea,ARG,,,Johanna Konta,GBR
Fed/BJK Cup,2013-04-21,World Group II - Great Britain vs Argentina,Clay,Argentina,Quarter Finals,Play-off,6-1 6-1,,,,Laura Robson,GBR,,,Florencia Molinero,ARG
Fed/BJK Cup,2013-02-10,World Group II - Argentina vs Sweden,Clay,Argentina,Quarter Finals,Main Draw,6-3 6-2,,,,Johanna Larsson,SWE,,,Florencia Molinero,ARG
Fed/BJK Cup,2013-02-10,World Group II - Argentina vs Sweden,Clay,Argentina,Quarter Finals,Main Draw,6-3 2-6 6-1,,,,Florencia Molinero,ARG,,,Sofia Arvidsson,SWE
Fed/BJK Cup,2013-02-10,World Group II - Argentina vs Sweden,Clay,Argentina,Quarter Finals,Main Draw,6-3 6-0,,,,Paula Ormaechea,ARG,,,Johanna Larsson,SWE
Fed/BJK Cup,2013-02-10,World Group II - Argentina vs Sweden,Clay,Argentina,Quarter Finals,Main Draw,7-5 6-7(6) 3-2,,,,Sofia Arvidsson,SWE,,,Paula Ormaechea,ARG
Fed/BJK Cup,2012-04-22,"World Group II - Argentina vs China, P.R.",Clay,Argentina,Quarter Finals,Play-off,7-6(1) 2-6 6-3,,,,Yi-Miao Zhou,CHN,,,Florencia Molinero,ARG
Fed/BJK Cup,2012-04-22,"World Group II - Argentina vs China, P.R.",Clay,Argentina,Quarter Finals,Play-off,6-2 6-2,,,,Paula Ormaechea,ARG,,,Yi-Miao Zhou,CHN
Fed/BJK Cup,2012-04-22,"World Group II - Argentina vs China, P.R.",Clay,Argentina,Quarter Finals,Play-off,6-3 6-4,,,,Florencia Molinero,ARG,,,Qiang Wang,CHN
Fed/BJK Cup,2012-04-22,"World Group II - Argentina vs China, P.R.",Clay,Argentina,Quarter Finals,Play-off,6-4 6-2,,,,Paula Ormaechea,ARG,,,Qiang Wang,CHN
Fed/BJK Cup,2012-02-04,Group I Americas,Clay,Brazil,Final,Promotion Play-off,3-6 6-2 6-1,,,,Florencia Molinero,ARG,,,Mariana Duque-Marino,COL
Fed/BJK Cup,2012-02-04,Group I Americas,Clay,Brazil,Final,Promotion Play-off,6-2 6-4,,,,Paula Ormaechea,ARG,,,Catalina Castano,COL
Fed/BJK Cup,2012-02-03,Group I Americas,Clay,Brazil,Round Robin,Main Draw,7-5 6-4,,,,Florencia Molinero,ARG,,,Patricia Ku Flores,PER
Fed/BJK Cup,2012-02-03,Group I Americas,Clay,Brazil,Round Robin,Main Draw,6-1 6-0,,,,Paula Ormaechea,ARG,,,Ferny Angeles Paz,PER
Fed/BJK Cup,2012-02-02,Group I Americas,Clay,Brazil,Round Robin,Main Draw,7-5 6-4,,,,Paula Ormaechea,ARG,,,Aleksandra Wozniak,CAN
Fed/BJK Cup,2012-02-02,Group I Americas,Clay,Brazil,Round Robin,Main Draw,6-2 6-2,,,,Florencia Molinero,ARG,,,Stephanie Dubois,CAN
Fed/BJK Cup,2012-02-01,Group I Americas,Clay,Brazil,Round Robin,Main Draw,6-3 6-0,,,,Paula Ormaechea,ARG,,,Larikah Russell,BAH
Fed/BJK Cup,2012-02-01,Group I Americas,Clay,Brazil,Round Robin,Main Draw,6-2 6-0,,,,Florencia Molinero,ARG,,,Simone Pratt,BAH
Fed/BJK Cup,2011-07-17,World Group II - Japan vs Argentina,I.hard,Japan,Quarter Finals,Play-off,6-2 6-3,,,,Ayumi Morita,JPN,,,Mailen Auroux,ARG
Fed/BJK Cup,2011-07-17,World Group II - Japan vs Argentina,I.hard,Japan,Quarter Finals,Play-off,6-0 6-0,,,,Misaki Doi,JPN,,,Maria Irigoyen,ARG
Fed/BJK Cup,2011-07-17,World Group II - Japan vs Argentina,I.hard,Japan,Quarter Finals,Play-off,6-2 6-1,,,,Ayumi Morita,JPN,,,Aranza Salut,ARG
Fed/BJK Cup,2011-07-17,World Group II - Japan vs Argentina,I.hard,Japan,Quarter Finals,Play-off,Not Played,,,,Mailen Auroux,ARG,,,Misaki Doi,JPN
Fed/BJK Cup,2011-02-05,Group I Americas,Clay,Argentina,Final,Promotion Play-off,6-0 6-0,,,,Gisela Dulko,ARG,,,Mariana Duque-Marino,COL
Fed/BJK Cup,2011-02-05,Group I Americas,Clay,Argentina,Final,Promotion Play-off,7-6(5) 6-1,,,,Florencia Molinero,ARG,,,Catalina Castano,COL
Fed/BJK Cup,2011-02-04,Group I Americas,Clay,Argentina,Round Robin,Main Draw,6-2 6-3,,,,Florencia Molinero,ARG,,,Patricia Ku Flores,PER
Fed/BJK Cup,2011-02-04,Group I Americas,Clay,Argentina,Round Robin,Main Draw,6-0 6-3,,,,Gisela Dulko,ARG,,,Bianca Botto,PER
Fed/BJK Cup,2011-02-03,Group I Americas,Clay,Argentina,Round Robin,Main Draw,6-7(5) 6-1 6-3,,,,Florencia Molinero,ARG,,,Montserrat Gonzalez,PAR
Fed/BJK Cup,2011-02-03,Group I Americas,Clay,Argentina,Round Robin,Main Draw,6-4 6-2,,,,Veronica Cepede Royg,PAR,,,Maria Irigoyen,ARG
Fed/BJK Cup,2011-02-02,Group I Americas,Clay,Argentina,Round Robin,Main Draw,6-4 6-3,,,,Florencia Molinero,ARG,,,Maria Ines Deheza,BOL
Fed/BJK Cup,2011-02-02,Group I Americas,Clay,Argentina,Round Robin,Main Draw,7-5 6-0,,,,Maria Irigoyen,ARG,,,Maria-Fernanda Alvarez-Teran,BOL
Fed/BJK Cup,2010-04-25,World Group II - Argentina vs Canada,I.carpet,Canada,Quarter Finals,Play-off,6-4 6-2,,,,Aleksandra Wozniak,CAN,,,Paula Ormaechea,ARG
Fed/BJK Cup,2010-04-25,World Group II - Argentina vs Canada,I.carpet,Canada,Quarter Finals,Play-off,6-4 6-3,,,,Valerie Tetreault,CAN,,,Jorgelina Cravero,ARG
Fed/BJK Cup,2010-04-25,World Group II - Argentina vs Canada,I.carpet,Canada,Quarter Finals,Play-off,6-7(6) 6-1 6-1,,,,Valerie Tetreault,CAN,,,Paula Ormaechea,ARG
Fed/BJK Cup,2010-04-25,World Group II - Argentina vs Canada,I.carpet,Canada,Quarter Finals,Play-off,6-4 6-4,,,,Aleksandra Wozniak,CAN,,,Jorgelina Cravero,ARG
Fed/BJK Cup,2010-02-07,World Group II - Estonia vs Argentina,I.hard,Estonia,Quarter Finals,Main Draw,6-1 6-2,,,,Maret Ani,EST,,,Maria Irigoyen,ARG
Fed/BJK Cup,2010-02-07,World Group II - Estonia vs Argentina,I.hard,Estonia,Quarter Finals,Main Draw,6-2 6-3,,,,Maret Ani,EST,,,Paula Ormaechea,ARG
Fed/BJK Cup,2010-02-07,World Group II - Estonia vs Argentina,I.hard,Estonia,Quarter Finals,Main Draw,6-1 6-1,,,,Kaia Kanepi,EST,,,Aranza Salut,ARG
Fed/BJK Cup,2010-02-07,World Group II - Estonia vs Argentina,I.hard,Estonia,Quarter Finals,Main Draw,6-1 7-5,,,,Kaia Kanepi,EST,,,Paula Ormaechea,ARG
Fed/BJK Cup,2009-04-26,World Group - Argentina vs Ukraine,Clay,Argentina,Quarter Finals,Play-off,6-3 6-3,,,,Alona Bondarenko,UKR,,,Maria Irigoyen,ARG
Fed/BJK Cup,2009-04-26,World Group - Argentina vs Ukraine,Clay,Argentina,Quarter Finals,Play-off,4-6 7-5 6-2,,,,Mariya Koryttseva,UKR,,,Jorgelina Cravero,ARG
Fed/BJK Cup,2009-04-26,World Group - Argentina vs Ukraine,Clay,Argentina,Quarter Finals,Play-off,6-2 6-1,,,,Olga Savchuk,UKR,,,Aranza Salut,ARG
Fed/BJK Cup,2009-04-26,World Group - Argentina vs Ukraine,Clay,Argentina,Quarter Finals,Play-off,6-1 6-2,,,,Alona Bondarenko,UKR,,,Jorgelina Cravero,ARG
Fed/BJK Cup,2009-02-08,World Group - Argentina vs USA,Hard,United States,Quarter Finals,Main Draw,2-6 6-1 6-2,,,,Melanie Oudin,USA,,,Betina Jozami,ARG
Fed/BJK Cup,2009-02-08,World Group - Argentina vs USA,Hard,United States,Quarter Finals,Main Draw,6-2 7-5,,,,Gisela Dulko,ARG,,,Melanie Oudin,USA
Fed/BJK Cup,2009-02-08,World Group - Argentina vs USA,Hard,United States,Quarter Finals,Main Draw,6-2 6-1,,,,Jill Craybas,USA,,,Betina Jozami,ARG
Fed/BJK Cup,2009-02-08,World Group - Argentina vs USA,Hard,United States,Quarter Finals,Main Draw,6-1 6-3,,,,Gisela Dulko,ARG,,,Jill Craybas,USA
Fed/BJK Cup,2008-04-27,World Group - Germany vs Argentina,Clay,Argentina,Quarter Finals,Play-off,6-2 6-4,,,,Gisela Dulko,ARG,,,Martina Muller,GER
Fed/BJK Cup,2008-04-27,World Group - Germany vs Argentina,Clay,Argentina,Quarter Finals,Play-off,6-3 6-1,,,,Betina Jozami,ARG,,,Angelique Kerber,GER
Fed/BJK Cup,2008-04-27,World Group - Germany vs Argentina,Clay,Argentina,Quarter Finals,Play-off,6-2 6-2,,,,Gisela Dulko,ARG,,,Sabine Lisicki,GER
Fed/BJK Cup,2008-04-27,World Group - Germany vs Argentina,Clay,Argentina,Quarter Finals,Play-off,6-1 6-0,,,,Martina Muller,GER,,,Jorgelina Cravero,ARG
Fed/BJK Cup,2008-02-03,World Group II - Argentina vs Austria,Clay,Argentina,Quarter Finals,Main Draw,2-6 6-3 7-5,,,,Melanie Klaffner,AUT,,,Maria-Emilia Salerni,ARG
Fed/BJK Cup,2008-02-03,World Group II - Argentina vs Austria,Clay,Argentina,Quarter Finals,Main Draw,7-5 3-6 6-2,,,,Maria-Emilia Salerni,ARG,,,Patricia Mayr-Achleitner,AUT
Fed/BJK Cup,2008-02-03,World Group II - Argentina vs Austria,Clay,Argentina,Quarter Finals,Main Draw,7-6(4) 6-3,,,,Jorgelina Cravero,ARG,,,Yvonne Meusburger-Garamszegi,AUT
Fed/BJK Cup,2008-02-03,World Group II - Argentina vs Austria,Clay,Argentina,Quarter Finals,Main Draw,6-4 6-4,,,,Jorgelina Cravero,ARG,,,Melanie Klaffner,AUT
Fed/BJK Cup,2007-07-15,World Group II - Canada vs Argentina,Clay,Argentina,Quarter Finals,Play-off,6-3 6-4,,,,Maria-Emilia Salerni,ARG,,,Aleksandra Wozniak,CAN
Fed/BJK Cup,2007-07-15,World Group II - Canada vs Argentina,Clay,Argentina,Quarter Finals,Play-off,7-5 6-4,,,,Gisela Dulko,ARG,,,Marie-Eve Pelletier,CAN
Fed/BJK Cup,2007-07-15,World Group II - Canada vs Argentina,Clay,Argentina,Quarter Finals,Play-off,0-6 6-2 6-2,,,,Aleksandra Wozniak,CAN,,,Gisela Dulko,ARG
Fed/BJK Cup,2007-07-15,World Group II - Canada vs Argentina,Clay,Argentina,Quarter Finals,Play-off,6-4 6-1,,,,Maria-Emilia Salerni,ARG,,,Stephanie Dubois,CAN
Fed/BJK Cup,2007-04-21,Group I Americas,Clay,Argentina,Final,Play-off,6-1 6-2,,,,Gisela Dulko,ARG,,,Jenifer Widjaja,BRA
Fed/BJK Cup,2007-04-21,Group I Americas,Clay,Argentina,Final,Play-off,6-2 6-3,,,,Jorgelina Cravero,ARG,,,Maria-Fernanda Alves,BRA
Fed/BJK Cup,2007-04-20,Group I Americas,Clay,Argentina,Round Robin,Main Draw,7-5 6-4,,,,Gisela Dulko,ARG,,,Catalina Castano,COL
Fed/BJK Cup,2007-04-20,Group I Americas,Clay,Argentina,Round Robin,Main Draw,7-6(3) 6-2,,,,Jorgelina Cravero,ARG,,,Mariana Duque-Marino,COL
Fed/BJK Cup,2007-04-19,Group I Americas,Clay,Argentina,Round Robin,Main Draw,6-0 6-2,,,,Jorgelina Cravero,ARG,,,Vilmarie Castellvi,PUR
Fed/BJK Cup,2007-04-19,Group I Americas,Clay,Argentina,Round Robin,Main Draw,7-5 6-1,,,,Gisela Dulko,ARG,,,Kristina Brandi,PUR
Fed/BJK Cup,2007-04-18,Group I Americas,Clay,Argentina,Round Robin,Main Draw,6-0 6-0,,,,Gisela Dulko,ARG,,,Katherine Hoepelman,DOM
Fed/BJK Cup,2007-04-18,Group I Americas,Clay,Argentina,Round Robin,Main Draw,6-0 6-0,,,,Jorgelina Cravero,ARG,,,Leyla Esther Cabrera,DOM
Fed/BJK Cup,2006-07-16,World Group II - Canada vs Argentina,Hard,Canada,Quarter Finals,Play-off,6-2 6-4,,,,Aleksandra Wozniak,CAN,,,Mariana Diaz-Oliva,ARG
Fed/BJK Cup,2006-07-16,World Group II - Canada vs Argentina,Hard,Canada,Quarter Finals,Play-off,6-4 6-3,,,,Gisela Dulko,ARG,,,Stephanie Dubois,CAN
Fed/BJK Cup,2006-07-16,World Group II - Canada vs Argentina,Hard,Canada,Quarter Finals,Play-off,6-2 6-4,,,,Stephanie Dubois,CAN,,,Clarisa Fernandez,ARG
Fed/BJK Cup,2006-07-16,World Group II - Canada vs Argentina,Hard,Canada,Quarter Finals,Play-off,7-6(6) 6-3,,,,Aleksandra Wozniak,CAN,,,Gisela Dulko,ARG
Fed/BJK Cup,2006-04-23,World Group II - Croatia vs Argentina,I.carpet,Croatia,Quarter Finals,Main Draw,2-6 6-1 6-4,,,,Maria-Jose Argeri,ARG,,,Ivana Lisjak,CRO
Fed/BJK Cup,2006-04-23,World Group II - Croatia vs Argentina,I.carpet,Croatia,Quarter Finals,Main Draw,6-4 6-2,,,,Karolina Sprem,CRO,,,Mariana Diaz-Oliva,ARG
Fed/BJK Cup,2006-04-23,World Group II - Croatia vs Argentina,I.carpet,Croatia,Quarter Finals,Main Draw,6-2 3-6 6-4,,,,Mariana Diaz-Oliva,ARG,,,Ivana Lisjak,CRO
Fed/BJK Cup,2006-04-23,World Group II - Croatia vs Argentina,I.carpet,Croatia,Quarter Finals,Main Draw,6-2 6-4,,,,Karolina Sprem,CRO,,,Maria-Jose Argeri,ARG
Fed/BJK Cup,2005-07-10,World Group I - Belgium vs Argentina,Hard,Belgium,Quarter Finals,Play-off,6-4 6-1,,,,Kim Clijsters,BEL,,,Gisela Dulko,ARG
Fed/BJK Cup,2005-07-10,World Group I - Belgium vs Argentina,Hard,Belgium,Quarter Finals,Play-off,6-1 6-3,,,,Gisela Dulko,ARG,,,Els Callens,BEL
Fed/BJK Cup,2005-07-10,World Group I - Belgium vs Argentina,Hard,Belgium,Quarter Finals,Play-off,6-2 6-2,,,,Mariana Diaz-Oliva,ARG,,,Kirsten Flipkens,BEL
Fed/BJK Cup,2005-07-10,World Group I - Belgium vs Argentina,Hard,Belgium,Quarter Finals,Play-off,6-1 6-2,,,,Kim Clijsters,BEL,,,Mariana Diaz-Oliva,ARG
Fed/BJK Cup,2005-04-24,World Group I - Argentina vs Spain,Clay,Spain,Quarter Finals,Main Draw,6-0 6-3,,,,Gisela Dulko,ARG,,,Marta Marrero,ESP
Fed/BJK Cup,2005-04-24,World Group I - Argentina vs Spain,Clay,Spain,Quarter Finals,Main Draw,6-4 4-6 6-3,,,,Nuria Llagostera,ESP,,,Gisela Dulko,ARG
Fed/BJK Cup,2005-04-24,World Group I - Argentina vs Spain,Clay,Spain,Quarter Finals,Main Draw,7-6(6) 6-4,,,,Mariana Diaz-Oliva,ARG,,,Nuria Llagostera,ESP
Fed/BJK Cup,2005-04-24,World Group I - Argentina vs Spain,Clay,Spain,Quarter Finals,Main Draw,6-4 4-6 6-3,,,,Anabel Medina Garrigues,ESP,,,Maria-Emilia Salerni,ARG
Fed/BJK Cup,2004-07-11,World Group - Russia vs Argentina,Clay,Argentina,Quarter Finals,Main Draw,6-4 3-6 6-4,,,,Gisela Dulko,ARG,,,Svetlana Kuznetsova,RUS
Fed/BJK Cup,2004-07-11,World Group - Russia vs Argentina,Clay,Argentina,Quarter Finals,Main Draw,6-3 6-0,,,,Vera Zvonareva,RUS,,,Mariana Diaz-Oliva,ARG
Fed/BJK Cup,2004-07-11,World Group - Russia vs Argentina,Clay,Argentina,Quarter Finals,Main Draw,6-1 7-5,,,,Anastasia Myskina,RUS,,,Gisela Dulko,ARG
Fed/BJK Cup,2004-07-11,World Group - Russia vs Argentina,Clay,Argentina,Quarter Finals,Main Draw,6-3 6-0,,,,Anastasia Myskina,RUS,,,Natalia Gussoni,ARG
Fed/BJK Cup,2004-04-25,World Group - Japan vs Argentina,Clay,Argentina,Last 16,Main Draw,6-7(4) 6-3 7-6(0),,,,Paola Suarez,ARG,,,Ai Sugiyama,JPN
Fed/BJK Cup,2004-04-25,World Group - Japan vs Argentina,Clay,Argentina,Last 16,Main Draw,6-3 6-4,,,,Gisela Dulko,ARG,,,Ai Sugiyama,JPN
Fed/BJK Cup,2004-04-25,World Group - Japan vs Argentina,Clay,Argentina,Last 16,Main Draw,6-2 6-2,,,,Akiko Morigami,JPN,,,Gisela Dulko,ARG
Fed/BJK Cup,2004-04-25,World Group - Japan vs Argentina,Clay,Argentina,Last 16,Main Draw,6-4 6-0,,,,Paola Suarez,ARG,,,Akiko Morigami,JPN
Fed/BJK Cup,2003-07-20,World Group - Argentina vs Hungary,Clay,Argentina,Last 16,Play-off,6-2 6-3,,,,Natalia Gussoni,ARG,,,Katalin Marosi,HUN
Fed/BJK Cup,2003-07-20,World Group - Argentina vs Hungary,Clay,Argentina,Last 16,Play-off,6-3 6-4,,,,Petra Mandula,HUN,,,Natalia Gussoni,ARG
Fed/BJK Cup,2003-07-20,World Group - Argentina vs Hungary,Clay,Argentina,Last 16,Play-off,6-3 6-1,,,,Clarisa Fernandez,ARG,,,Rita Kuti Kis,HUN
Fed/BJK Cup,2003-07-20,World Group - Argentina vs Hungary,Clay,Argentina,Last 16,Play-off,6-2 7-5,,,,Clarisa Fernandez,ARG,,,Petra Mandula,HUN
Fed/BJK Cup,2003-04-26,World Group - Argentina vs Slovenia,Clay,Argentina,Last 16,Main Draw,6-4 6-2,,,,Natalia Gussoni,ARG,,,Maja Matevzic,SLO
Fed/BJK Cup,2003-04-26,World Group - Argentina vs Slovenia,Clay,Argentina,Last 16,Main Draw,6-1 6-2,,,,Katarina Srebotnik,SLO,,,Natalia Garbellotto,ARG
Fed/BJK Cup,2003-04-26,World Group - Argentina vs Slovenia,Clay,Argentina,Last 16,Main Draw,7-5 6-3,,,,Tina Pisnik,SLO,,,Maria-Emilia Salerni,ARG
Fed/BJK Cup,2003-04-26,World Group - Argentina vs Slovenia,Clay,Argentina,Last 16,Main Draw,6-3 6-7(1) 6-1,,,,Katarina Srebotnik,SLO,,,Maria-Emilia Salerni,ARG
Fed/BJK Cup,2002-07-21,World Group - Hungary vs Argentina,Clay,Hungary,Last 16,Qualifying Round,7-5 6-2,,,,Mariana Diaz-Oliva,ARG,,,Petra Mandula,HUN
Fed/BJK Cup,2002-07-21,World Group - Hungary vs Argentina,Clay,Hungary,Last 16,Qualifying Round,7-5 2-6 6-4,,,,Clarisa Fernandez,ARG,,,Petra Mandula,HUN
Fed/BJK Cup,2002-07-21,World Group - Hungary vs Argentina,Clay,Hungary,Last 16,Qualifying Round,4-6 7-5 6-1,,,,Clarisa Fernandez,ARG,,,Zsofia N Gubacsi,HUN
Fed/BJK Cup,2002-07-21,World Group - Hungary vs Argentina,Clay,Hungary,Last 16,Qualifying Round,4-6 7-5 6-3,,,,Mariana Diaz-Oliva,ARG,,,Zsofia N Gubacsi,HUN
Fed/BJK Cup,2002-04-28,World Group - Argentina vs France,Clay,Argentina,Last 16,Main Draw,7-5 6-4,,,,Paola Suarez,ARG,,,Sandrine Testud,FRA
Fed/BJK Cup,2002-04-28,World Group - Argentina vs France,Clay,Argentina,Last 16,Main Draw,6-4 6-3,,,,Amelie Mauresmo,FRA,,,Paola Suarez,ARG
Fed/BJK Cup,2002-04-28,World Group - Argentina vs France,Clay,Argentina,Last 16,Main Draw,7-5 6-2,,,,Amelie Mauresmo,FRA,,,Mariana Diaz-Oliva,ARG
Fed/BJK Cup,2002-04-28,World Group - Argentina vs France,Clay,Argentina,Last 16,Main Draw,6-2 6-3,,,,Nathalie Dechy,FRA,,,Mariana Diaz-Oliva,ARG
Fed/BJK Cup,2001-11-10,World Group,I.clay,Spain,Round Robin,Main Draw,Not Played,,,,Clarisa Fernandez,ARG,,,Sandrine Testud,FRA
Fed/BJK Cup,2001-11-10,World Group,I.clay,Spain,Round Robin,Main Draw,5-7 6-1 6-0,,,,Amelie Mauresmo,FRA,,,Maria-Emilia Salerni,ARG
Fed/BJK Cup,2001-11-09,World Group,I.clay,Spain,Round Robin,Main Draw,6-4 6-3,,,,Maria-Emilia Salerni,ARG,,,Denisa Chladkova,CZE
Fed/BJK Cup,2001-11-09,World Group,I.clay,Spain,Round Robin,Main Draw,6-4 6-3,,,,Clarisa Fernandez,ARG,,,Kveta Peschke,CZE
Fed/BJK Cup,2001-11-08,World Group,I.clay,Spain,Round Robin,Main Draw,6-1 6-2,,,,Elena Dementieva,RUS,,,Maria-Emilia Salerni,ARG
Fed/BJK Cup,2001-11-08,World Group,I.clay,Spain,Round Robin,Main Draw,6-4 6-3,,,,Nadia Petrova,RUS,,,Clarisa Fernandez,ARG
Fed/BJK Cup,2001-07-22,Qualifiers - Germany vs Argentina,Clay,Germany,Quarter Finals,Main Draw,4-6 6-2 6-1,,,,Anke Huber,GER,,,Maria-Emilia Salerni,ARG
Fed/BJK Cup,2001-07-22,Qualifiers - Germany vs Argentina,Clay,Germany,Quarter Finals,Main Draw,4-6 6-3 12-10,,,,Paola Suarez,ARG,,,Anke Huber,GER
Fed/BJK Cup,2001-07-22,Qualifiers - Germany vs Argentina,Clay,Germany,Quarter Finals,Main Draw,6-2 6-7(7) 6-2,,,,Maria-Emilia Salerni,ARG,,,Barbara Rittner,GER
Fed/BJK Cup,2001-07-22,Qualifiers - Germany vs Argentina,Clay,Germany,Quarter Finals,Main Draw,3-6 6-3 6-2,,,,Paola Suarez,ARG,,,Barbara Rittner,GER
Fed/BJK Cup,2001-04-29,Qualifiers - Japan vs Argentina,I.hard,Japan,Last 16,Main Draw,6-3 4-6 10-8,,,,Clarisa Fernandez,ARG,,,Shinobu Asagoe,JPN
Fed/BJK Cup,2001-04-29,Qualifiers - Japan vs Argentina,I.hard,Japan,Last 16,Main Draw,7-5 6-0,,,,Maria-Emilia Salerni,ARG,,,Yuka Kaneko,JPN
Fed/BJK Cup,2001-04-29,Qualifiers - Japan vs Argentina,I.hard,Japan,Last 16,Main Draw,2-6 7-5 ret.,,,,Saori Obata,JPN,,,Clarisa Fernandez,ARG
Fed/BJK Cup,2001-04-29,Qualifiers - Japan vs Argentina,I.hard,Japan,Last 16,Main Draw,6-4 6-2,,,,Maria-Emilia Salerni,ARG,,,Saori Obata,JPN
Fed/BJK Cup,2000-04-30,Group I Americas,Clay,Brazil,Final,Play-off,6-4 7-5,,,,Maria-Emilia Salerni,ARG,,,Sonya Jeyaseelan,CAN
Fed/BJK Cup,2000-04-30,Group I Americas,Clay,Brazil,Final,Play-off,6-3 7-5,,,,Jana Nejedly,CAN,,,Gisela Dulko,ARG
Fed/BJK Cup,2000-04-29,Group I Americas,Clay,Brazil,Round Robin,Main Draw,7-5 1-6 12-10,,,,Florencia Labat,ARG,,,Fabiola Zuluaga,COL
Fed/BJK Cup,2000-04-29,Group I Americas,Clay,Brazil,Round Robin,Main Draw,6-4 6-2,,,,Maria-Emilia Salerni,ARG,,,Catalina Castano,COL
Fed/BJK Cup,2000-04-28,Group I Americas,Clay,Brazil,Round Robin,Main Draw,6-3 6-2,,,,Maria-Emilia Salerni,ARG,,,Yanet Nunez-Mojarena,CUB
Fed/BJK Cup,2000-04-28,Group I Americas,Clay,Brazil,Round Robin,Main Draw,6-2 6-0,,,,Florencia Labat,ARG,,,Yoannis Montesino,CUB
Fed/BJK Cup,2000-04-26,Group I Americas,Clay,Brazil,Round Robin,Main Draw,6-2 6-2,,,,Florencia Labat,ARG,,,Larissa Schaerer,PAR
Fed/BJK Cup,2000-04-26,Group I Americas,Clay,Brazil,Round Robin,Main Draw,6-0 6-3,,,,Maria-Emilia Salerni,ARG,,,Sarah Tami-Masi,PAR
Fed/BJK Cup,2000-04-25,Group I Americas,Clay,Brazil,Round Robin,Main Draw,6-3 6-2,,,,Florencia Labat,ARG,,,Jessica Fernandez,MEX
Fed/BJK Cup,2000-04-25,Group I Americas,Clay,Brazil,Round Robin,Main Draw,6-1 6-4,,,,Maria-Emilia Salerni,ARG,,,Melody Falco,MEX
Fed/BJK Cup,1999-07-23,World Group II - Argentina vs Chinese Taipei,Hard,Netherlands,Round Robin,Play-off,3-6 6-4 6-4,,,,Paola Suarez,ARG,,,Shi-Ting Wang,TPE
Fed/BJK Cup,1999-07-23,World Group II - Argentina vs Chinese Taipei,Hard,Netherlands,Round Robin,Play-off,6-1 6-2,,,,Mariana Diaz-Oliva,ARG,,,Tzu-Ting Weng,TPE
Fed/BJK Cup,1999-07-22,World Group II - Argentina vs Romania,Hard,Netherlands,Round Robin,Play-off,6-1 5-7 6-2,,,,Ruxandra Dragomir-Ilie,ROU,,,Paola Suarez,ARG
Fed/BJK Cup,1999-07-22,World Group II - Argentina vs Romania,Hard,Netherlands,Round Robin,Play-off,5-7 6-3 6-1,,,,Mariana Diaz-Oliva,ARG,,,Raluca Sandu,ROU
Fed/BJK Cup,1999-07-21,World Group II - Argentina vs Australia,Hard,Netherlands,Round Robin,Play-off,6-4 7-5,,,,Jelena Dokic,AUS,,,Paola Suarez,ARG
Fed/BJK Cup,1999-07-21,World Group II - Argentina vs Australia,Hard,Netherlands,Round Robin,Play-off,4-6 6-2 7-5,,,,Alicia Molik,AUS,,,Mariana Diaz-Oliva,ARG
Fed/BJK Cup,1999-04-18,Group I Americas,Clay,Argentina,Final,Play-off,7-5 3-6 6-2,,,,Paola Suarez,ARG,,,Maria Vento-Kabchi,VEN
Fed/BJK Cup,1999-04-18,Group I Americas,Clay,Argentina,Final,Play-off,6-0 6-3,,,,Mariana Diaz-Oliva,ARG,,,Milagros Sequera,VEN
Fed/BJK Cup,1999-04-17,Group I Americas,Clay,Argentina,Round Robin,Main Draw,0-6 7-5 7-5,,,,Mariana Diaz-Oliva,ARG,,,Catalina Castano,COL
Fed/BJK Cup,1999-04-17,Group I Americas,Clay,Argentina,Round Robin,Main Draw,2-6 6-4 6-1,,,,Paola Suarez,ARG,,,Fabiola Zuluaga,COL
Fed/BJK Cup,1999-04-16,Group I Americas,Clay,Argentina,Round Robin,Main Draw,6-1 6-0,,,,Mariana Diaz-Oliva,ARG,,,Myriam Cueva,ECU
Fed/BJK Cup,1999-04-16,Group I Americas,Clay,Argentina,Round Robin,Main Draw,6-3 6-1,,,,Paola Suarez,ARG,,,Paola Guerrero,ECU
Fed/BJK Cup,1999-04-15,Group I Americas,Clay,Argentina,Round Robin,Main Draw,6-0 6-3,,,,Mariana Diaz-Oliva,ARG,,,Laura Bernal,PAR
Fed/BJK Cup,1999-04-15,Group I Americas,Clay,Argentina,Round Robin,Main Draw,6-2 6-4,,,,Paola Suarez,ARG,,,Larissa Schaerer,PAR
Fed/BJK Cup,1999-04-14,Group I Americas,Clay,Argentina,Round Robin,Main Draw,6-2 6-1,,,,Mariana Diaz-Oliva,ARG,,,Graciela Velez,MEX
Fed/BJK Cup,1999-04-14,Group I Americas,Clay,Argentina,Round Robin,Main Draw,6-1 6-3,,,,Paola Suarez,ARG,,,Karin Palme,MEX
Fed/BJK Cup,1998-07-26,World Group II - Australia vs Argentina,I.carpet,Australia,Quarter Finals,Play-off,6-2 6-4,,,,Nicole Pratt,AUS,,,Celeste Contin,ARG
Fed/BJK Cup,1998-07-26,World Group II - Australia vs Argentina,I.carpet,Australia,Quarter Finals,Play-off,6-2 6-2,,,,Jelena Dokic,AUS,,,Mariana Diaz-Oliva,ARG
Fed/BJK Cup,1998-07-26,World Group II - Australia vs Argentina,I.carpet,Australia,Quarter Finals,Play-off,6-3 3-6 6-4,,,,Nicole Pratt,AUS,,,Mariana Diaz-Oliva,ARG
Fed/BJK Cup,1998-07-26,World Group II - Australia vs Argentina,I.carpet,Australia,Quarter Finals,Play-off,6-3 6-2,,,,Jelena Dokic,AUS,,,Laura Montalvo,ARG
Fed/BJK Cup,1998-04-19,World Group II - Argentina vs Slovakia,Clay,Argentina,Quarter Finals,Main Draw,6-4 3-6 6-3,,,,Florencia Labat,ARG,,,Karina Habsudova,SVK
Fed/BJK Cup,1998-04-19,World Group II - Argentina vs Slovakia,Clay,Argentina,Quarter Finals,Main Draw,3-6 6-2 11-9,,,,Karina Habsudova,SVK,,,Mariana Diaz-Oliva,ARG
Fed/BJK Cup,1998-04-19,World Group II - Argentina vs Slovakia,Clay,Argentina,Quarter Finals,Main Draw,6-2 6-2,,,,Henrieta Nagyova,SVK,,,Mariana Diaz-Oliva,ARG
Fed/BJK Cup,1998-04-19,World Group II - Argentina vs Slovakia,Clay,Argentina,Quarter Finals,Main Draw,7-5 6-4,,,,Henrieta Nagyova,SVK,,,Florencia Labat,ARG
Fed/BJK Cup,1997-07-13,World Group I - Argentina vs Switzerland,I.carpet,Switzerland,Quarter Finals,Play-off,3-6 7-5 10-8,,,,Patty Schnyder,SUI,,,Florencia Labat,ARG
Fed/BJK Cup,1997-07-13,World Group I - Argentina vs Switzerland,I.carpet,Switzerland,Quarter Finals,Play-off,6-1 6-0,,,,Patty Schnyder,SUI,,,Maria-Jose Gaidano,ARG
Fed/BJK Cup,1997-07-13,World Group I - Argentina vs Switzerland,I.carpet,Switzerland,Quarter Finals,Play-off,6-2 6-1,,,,Martina Hingis,SUI,,,Florencia Labat,ARG
Fed/BJK Cup,1997-07-13,World Group I - Argentina vs Switzerland,I.carpet,Switzerland,Quarter Finals,Play-off,6-1 6-2,,,,Martina Hingis,SUI,,,Maria-Jose Gaidano,ARG
Fed/BJK Cup,1997-03-02,"World Group II - Argentina vs Korea, Rep.",Hard,South Korea,Quarter Finals,Main Draw,4-6 6-3 6-1,,,,Mariana Diaz-Oliva,ARG,,,Eun-Ha Kim,KOR
Fed/BJK Cup,1997-03-02,"World Group II - Argentina vs Korea, Rep.",Hard,South Korea,Quarter Finals,Main Draw,6-3 6-1,,,,Sung-Hee Park,KOR,,,Mariana Diaz-Oliva,ARG
Fed/BJK Cup,1997-03-02,"World Group II - Argentina vs Korea, Rep.",Hard,South Korea,Quarter Finals,Main Draw,6-1 6-2,,,,Florencia Labat,ARG,,,Young-Ja Choi,KOR
Fed/BJK Cup,1997-03-02,"World Group II - Argentina vs Korea, Rep.",Hard,South Korea,Quarter Finals,Main Draw,6-4 6-1,,,,Florencia Labat,ARG,,,Sung-Hee Park,KOR
Fed/BJK Cup,1996-07-14,World Group I - Argentina vs Czechia,I.carpet,Czech Republic,Quarter Finals,Play-off,6-1 6-2,,,,Jana Novotna,CZE,,,Mercedes Paz,ARG
Fed/BJK Cup,1996-07-14,World Group I - Argentina vs Czechia,I.carpet,Czech Republic,Quarter Finals,Play-off,7-5 6-3,,,,Helena Sukova,CZE,,,Florencia Labat,ARG
Fed/BJK Cup,1996-07-14,World Group I - Argentina vs Czechia,I.carpet,Czech Republic,Quarter Finals,Play-off,6-7(5) 6-1 6-2,,,,Helena Sukova,CZE,,,Mercedes Paz,ARG
Fed/BJK Cup,1996-07-14,World Group I - Argentina vs Czechia,I.carpet,Czech Republic,Quarter Finals,Play-off,6-3 ret.,,,,Florencia Labat,ARG,,,Ludmila Richterova,CZE
Fed/BJK Cup,1996-04-28,World Group I - France vs Argentina,Clay,France,Quarter Finals,Main Draw,7-6(5) 6-1,,,,Paola Suarez,ARG,,,Nathalie Tauziat,FRA
Fed/BJK Cup,1996-04-28,World Group I - France vs Argentina,Clay,France,Quarter Finals,Main Draw,6-4 7-6(7),,,,Julie Halard-Decugis,FRA,,,Paola Suarez,ARG
Fed/BJK Cup,1996-04-28,World Group I - France vs Argentina,Clay,France,Quarter Finals,Main Draw,6-4 6-1,,,,Julie Halard-Decugis,FRA,,,Florencia Labat,ARG
Fed/BJK Cup,1996-04-28,World Group I - France vs Argentina,Clay,France,Quarter Finals,Main Draw,6-3 6-4,,,,Florencia Labat,ARG,,,Nathalie Tauziat,FRA
Fed/BJK Cup,1995-07-23,World Group I,Clay,Argentina,Quarter Finals,Play-off,6-3 6-2,,,,Florencia Labat,ARG,,,Nicole Bradtke,AUS
Fed/BJK Cup,1995-07-23,World Group I,Clay,Argentina,Quarter Finals,Play-off,6-2 6-4,,,,Florencia Labat,ARG,,,Rennae Stubbs,AUS
Fed/BJK Cup,1995-07-23,World Group I,Clay,Argentina,Quarter Finals,Play-off,6-0 3-6 6-2,,,,Gabriela Sabatini,ARG,,,Nicole Bradtke,AUS
Fed/BJK Cup,1995-07-23,World Group I,Clay,Argentina,Quarter Finals,Play-off,6-2 6-2,,,,Gabriela Sabatini,ARG,,,Rachel McQuillan,AUS
Fed/BJK Cup,1995-04-23,World Group II,Hard,Indonesia,Quarter Finals,Main Draw,7-5 6-2,,,,Gabriela Sabatini,ARG,,,Romana Tedjakusuma,INA
Fed/BJK Cup,1995-04-23,World Group II,Hard,Indonesia,Quarter Finals,Main Draw,7-5 6-4,,,,Yayuk Basuki,INA,,,Gabriela Sabatini,ARG
Fed/BJK Cup,1995-04-23,World Group II,Hard,Indonesia,Quarter Finals,Main Draw,6-3 6-2,,,,Florencia Labat,ARG,,,Romana Tedjakusuma,INA
Fed/BJK Cup,1995-04-23,World Group II,Hard,Indonesia,Quarter Finals,Main Draw,7-5 6-4,,,,Yayuk Basuki,INA,,,Florencia Labat,ARG
Fed/BJK Cup,1994-07-21,World Group,Clay,Germany,Last 16,Main Draw,6-3 6-7(6) 6-2,,,,Conchita Martínez,ESP,,,Patricia Tarabini,ARG
Fed/BJK Cup,1994-07-21,World Group,Clay,Germany,Last 16,Main Draw,6-1 6-4,,,,Arantxa Sanchez Vicario,ESP,,,Florencia Labat,ARG
Fed/BJK Cup,1994-07-18,World Group,Clay,Germany,Last 32,Main Draw,6-1 6-0,,,,Florencia Labat,ARG,,,Belkis Rodriguez,CUB
Fed/BJK Cup,1994-07-18,World Group,Clay,Germany,Last 32,Main Draw,6-4 6-2,,,,Patricia Tarabini,ARG,,,Yoannis Montesino,CUB
Fed/BJK Cup,1993-07-24,World Group,Clay,Germany,Semi Finals,Main Draw,1-6 6-2 6-3,,,,Nicole Bradtke,AUS,,,Florencia Labat,ARG
Fed/BJK Cup,1993-07-24,World Group,Clay,Germany,Semi Finals,Main Draw,6-4 6-2,,,,Ines Gorrochategui,ARG,,,Michelle Jaggard-Lai,AUS
Fed/BJK Cup,1993-07-22,World Group,Clay,Germany,Quarter Finals,Main Draw,5-7 6-3 6-0,,,,Florencia Labat,ARG,,,Lori McNeil,USA
Fed/BJK Cup,1993-07-22,World Group,Clay,Germany,Quarter Finals,Main Draw,6-7(5) 7-5 7-5,,,,Ines Gorrochategui,ARG,,,Lindsay Davenport,USA
Fed/BJK Cup,1993-07-21,World Group,Clay,Germany,Last 16,Main Draw,6-1 7-5,,,,Ines Gorrochategui,ARG,,,Katerina Maleeva,BUL
Fed/BJK Cup,1993-07-21,World Group,Clay,Germany,Last 16,Main Draw,6-4 5-7 6-3,,,,Magdalena Maleeva,BUL,,,Florencia Labat,ARG
Fed/BJK Cup,1993-07-19,World Group,Clay,Germany,Last 32,Main Draw,6-2 6-2,,,,Ines Gorrochategui,ARG,,,Claudine Toleafoa,NZL
Fed/BJK Cup,1993-07-19,World Group,Clay,Germany,Last 32,Main Draw,6-2 6-4,,,,Florencia Labat,ARG,,,Julie Richardson,NZL
Fed/BJK Cup,1992-07-17,World Group,Clay,Germany,Quarter Finals,Main Draw,6-2 6-1,,,,Arantxa Sanchez Vicario,ESP,,,Mercedes Paz,ARG
Fed/BJK Cup,1992-07-17,World Group,Clay,Germany,Quarter Finals,Main Draw,6-0 6-1,,,,Conchita Martinez,ESP,,,Florencia Labat,ARG
Fed/BJK Cup,1992-07-15,World Group,Clay,Germany,Last 16,Main Draw,6-1 6-1,,,,Florencia Labat,ARG,,,Mana Endo,JPN
Fed/BJK Cup,1992-07-15,World Group,Clay,Germany,Last 16,Main Draw,4-6 6-1 6-3,,,,Kimiko Date,JPN,,,Mercedes Paz,ARG
Fed/BJK Cup,1992-07-14,World Group,Clay,Germany,Last 32,Main Draw,6-2 6-1,,,,Florencia Labat,ARG,,,Lupita Novelo,MEX
Fed/BJK Cup,1992-07-14,World Group,Clay,Germany,Last 32,Main Draw,6-3 5-7 6-2,,,,Mercedes Paz,ARG,,,Angelica Gavaldon,MEX
Fed/BJK Cup,1991-07-24,World Group,Hard,United Kingdom,Last 16,Play-off,6-1 1-6 8-6,,,,Luciana Corsato-Owsianka,BRA,,,Patricia Tarabini,ARG
Fed/BJK Cup,1991-07-24,World Group,Hard,United Kingdom,Last 16,Play-off,6-0 6-1,,,,Mercedes Paz,ARG,,,Sabrina Giusto,BRA
Fed/BJK Cup,1991-07-23,World Group,Hard,United Kingdom,Last 32,Main Draw,6-0 7-6(5),,,,Manuela Maleeva-Fragniere,SUI,,,Mercedes Paz,ARG
Fed/BJK Cup,1991-07-23,World Group,Hard,United Kingdom,Last 32,Main Draw,2-6 6-2 8-6,,,,Emanuela Zardo,SUI,,,Florencia Labat,ARG
Fed/BJK Cup,1990-07-29,World Group,Hard,United States,Semi Finals,Consolation Round,6-4 7-5,,,,Bettina Fulco,ARG,,,Reeka Szikszay,HUN
Fed/BJK Cup,1990-07-29,World Group,Hard,United States,Last 32,Main Draw,6-1 6-2,,,,Anke Huber,GER,,,Bettina Fulco,ARG
Fed/BJK Cup,1990-07-29,World Group,Hard,United States,Semi Finals,Consolation Round,6-7(6) 6-2 6-3,,,,Andrea Temesvari,HUN,,,Florencia Labat,ARG
Fed/BJK Cup,1990-07-29,World Group,Hard,United States,Last 32,Main Draw,6-0 6-3,,,,Claudia Porwik,GER,,,Florencia Labat,ARG
Fed/BJK Cup,1990-07-29,World Group,Hard,United States,Quarter Finals,Consolation Round,4-6 6-1 6-4,,,,Florencia Labat,ARG,,,Anne Aallonen,HKG
Fed/BJK Cup,1990-07-29,World Group,Hard,United States,Last 16,Consolation Round,6-2 5-7 6-0,,,,Florencia Labat,ARG,,,Katarzyna Nowak,POL
Fed/BJK Cup,1990-07-29,World Group,Hard,United States,Last 16,Consolation Round,6-0 6-2,,,,Bettina Fulco,ARG,,,Magdalena Feistel,POL
Fed/BJK Cup,1990-07-29,World Group,Hard,United States,Quarter Finals,Consolation Round,6-2 7-5,,,,Bettina Fulco,ARG,,,Petra Thoren,FIN
Fed/BJK Cup,1989-10-09,World Group,Hard,Japan,Last 32,Main Draw,6-2 6-3,,,,Mercedes Paz,ARG,,,Sarah Castillejo,PHI
Fed/BJK Cup,1989-10-09,World Group,Hard,Japan,Last 32,Main Draw,6-1 6-1,,,,Patricia Tarabini,ARG,,,Dyan Castillejo,PHI
Fed/BJK Cup,1989-10-09,World Group,Hard,Japan,Last 16,Main Draw,4-6 6-1 6-3,,,,Manuela Maleeva-Fragniere,SUI,,,Mercedes Paz,ARG
Fed/BJK Cup,1989-10-09,World Group,Hard,Japan,Last 16,Main Draw,6-1 6-0,,,,Katerina Maleeva,BUL,,,Patricia Tarabini,ARG
Fed/BJK Cup,1988-12-11,World Group,Hard,Australia,Last 32,Main Draw,1-6 7-5 6-3,,,,Bettina Fulco,ARG,,,Angelika Kanellopoulou,GRE
Fed/BJK Cup,1988-12-11,World Group,Hard,Australia,Last 32,Main Draw,6-1 6-1,,,,Mercedes Paz,ARG,,,Olga Tsarbopoulou,GRE
Fed/BJK Cup,1988-12-11,World Group,Hard,Australia,Last 16,Main Draw,6-1 6-2,,,,Mercedes Paz,ARG,,,Karin Ptaszek,DEN
Fed/BJK Cup,1988-12-11,World Group,Hard,Australia,Last 16,Main Draw,6-3 6-2,,,,Tine Scheuer-Larsen,DEN,,,Bettina Fulco,ARG
Fed/BJK Cup,1987-08-02,World Group,Hard,Canada,Last 16,Main Draw,6-3 6-4,,,,Bettina Fulco,ARG,,,Julie Richardson,NZL
Fed/BJK Cup,1987-08-02,World Group,Hard,Canada,Quarter Finals,Main Draw,6-2 6-2,,,,Claudia Kohde-Kilsch,GER,,,Bettina Fulco,ARG
Fed/BJK Cup,1987-08-02,World Group,Hard,Canada,Quarter Finals,Main Draw,6-4 6-4,,,,Steffi Graf,GER,,,Gabriela Sabatini,ARG
Fed/BJK Cup,1987-08-02,World Group,Hard,Canada,Last 16,Main Draw,6-3 7-5,,,,Gabriela Sabatini,ARG,,,Belinda Cordwell,NZL
Fed/BJK Cup,1987-08-02,World Group,Hard,Canada,Last 32,Main Draw,6-4 6-2,,,,Bettina Fulco,ARG,,,Emanuela Zardo,SUI
Fed/BJK Cup,1987-08-02,World Group,Hard,Canada,Last 32,Main Draw,6-2 6-1,,,,Gabriela Sabatini,ARG,,,Eva Krapl,SUI
Fed/BJK Cup,1986-07-27,World Group,Clay,Czechoslovakia,Last 32,Main Draw,6-1 6-1,,,,Gabriela Sabatini,ARG,,,Fiorella Bonicelli,FRA
Fed/BJK Cup,1986-07-27,World Group,Clay,Czechoslovakia,Last 32,Main Draw,6-1 6-0,,,,Mercedes Paz,ARG,,,Silvana Casaretto,URU
Fed/BJK Cup,1986-07-27,World Group,Clay,Czechoslovakia,Last 16,Main Draw,7-6(4) 6-2,,,,Jeong-Soon Lee,KOR,,,Mercedes Paz,ARG
Fed/BJK Cup,1986-07-27,World Group,Clay,Czechoslovakia,Last 16,Main Draw,7-5 6-2,,,,Gabriela Sabatini,ARG,,,Soo-Ok Kim,KOR
Fed/BJK Cup,1986-07-27,World Group,Clay,Czechoslovakia,Quarter Finals,Main Draw,6-2 5-7 6-4,,,,Gabriela Sabatini,ARG,,,Petra Huber,AUT
Fed/BJK Cup,1986-07-27,World Group,Clay,Czechoslovakia,Quarter Finals,Main Draw,6-4 6-2,,,,Mercedes Paz,ARG,,,Judith Wiesner,AUT
Fed/BJK Cup,1986-07-27,World Group,Clay,Czechoslovakia,Semi Finals,Main Draw,1-6 6-3 6-3,,,,Helena Sukova,CZE,,,Mercedes Paz,ARG
Fed/BJK Cup,1986-07-27,World Group,Clay,Czechoslovakia,Semi Finals,Main Draw,6-2 6-4,,,,Hana Mandlikova,AUS,,,Gabriela Sabatini,ARG
Fed/BJK Cup,1985-10-14,World Group,Hard,Japan,Quarter Finals,Main Draw,5-7 6-1 6-1,,,,Gabriela Sabatini,ARG,,,Zina Garrison,USA
Fed/BJK Cup,1985-10-14,World Group,Hard,Japan,Quarter Finals,Main Draw,6-1 6-1,,,,Kathy Jordan,USA,,,Adriana Villagran-Reami,ARG
Fed/BJK Cup,1985-10-14,World Group,Hard,Japan,Last 16,Main Draw,6-3 6-4,,,,Mercedes Paz,ARG,,,Julie Richardson,NZL
Fed/BJK Cup,1985-10-14,World Group,Hard,Japan,Last 32,Main Draw,7-6(6) 6-7(6) 8-6,,,,Adriana Villagran-Reami,ARG,,,Pilar Vasquez,PER
Fed/BJK Cup,1985-10-14,World Group,Hard,Japan,Last 32,Main Draw,6-3 6-3,,,,Gabriela Sabatini,ARG,,,Laura Gildemeister,PER
Fed/BJK Cup,1985-10-14,World Group,Hard,Japan,Last 16,Main Draw,6-1 6-0,,,,Gabriela Sabatini,ARG,,,Belinda Cordwell,NZL
Fed/BJK Cup,1984-07-22,World Group,Clay,Brazil,Last 16,Consolation Round,6-1 6-1,,,,Gabriela Sabatini,ARG,,,Claudia Borgiani,VEN
Fed/BJK Cup,1984-07-22,World Group,Clay,Brazil,Last 16,Consolation Round,6-3 6-1,,,,Emilse Rapponi-Longo,ARG,,,Stefania Sernaglia,VEN
Fed/BJK Cup,1984-07-22,World Group,Clay,Brazil,Quarter Finals,Consolation Round,7-6(0) 4-6 6-4,,,,Emilse Rapponi-Longo,ARG,,,Ni Zhong,CHN
Fed/BJK Cup,1984-07-22,World Group,Clay,Brazil,Quarter Finals,Consolation Round,7-5 6-1,,,,Gabriela Sabatini,ARG,,,Li-Lan Duan,CHN
Fed/BJK Cup,1984-07-22,World Group,Clay,Brazil,Last 32,Main Draw,4-6 7-5 6-4,,,,Liz Smylie,AUS,,,Ivanna Madruga-Osses,ARG
Fed/BJK Cup,1984-07-22,World Group,Clay,Brazil,Last 32,Main Draw,2-6 6-4 6-0,,,,Anne Minter,AUS,,,Emilse Rapponi-Longo,ARG
Fed/BJK Cup,1983-07-24,World Group,Clay,Switzerland,Last 16,Main Draw,6-4 7-5,,,,Ivanna Madruga-Osses,ARG,,,Andrea Temesvari,HUN
Fed/BJK Cup,1983-07-24,World Group,Clay,Switzerland,Quarter Finals,Main Draw,4-6 6-1 6-2,,,,Helena Sukova,CZE,,,Emilse Rapponi-Longo,ARG
Fed/BJK Cup,1983-07-24,World Group,Clay,Switzerland,Quarter Finals,Main Draw,6-4 6-3,,,,Hana Mandlikova,AUS,,,Ivanna Madruga-Osses,ARG
Fed/BJK Cup,1983-07-24,World Group,Clay,Switzerland,Last 16,Main Draw,6-4 7-5,,,,Emilse Rapponi-Longo,ARG,,,Csilla Cserepy,HUN
Fed/BJK Cup,1983-07-24,World Group,Clay,Switzerland,Last 32,Main Draw,6-3 6-3,,,,Emilse Rapponi-Longo,ARG,,,Corinne Vanier,FRA
Fed/BJK Cup,1983-07-24,World Group,Clay,Switzerland,Last 32,Main Draw,6-3 6-3,,,,Catherine Tanvier,FRA,,,Ivanna Madruga-Osses,ARG
Fed/BJK Cup,1982-07-25,World Group,Hard,United States,Last 16,Consolation Round,6-1 6-1,,,,Emilse Rapponi-Longo,ARG,,,Saida Berthe,SEN
Fed/BJK Cup,1982-07-25,World Group,Hard,United States,Quarter Finals,Consolation Round,6-1 6-3,,,,Ivanna Madruga-Osses,ARG,,,Chiu-Mei Ho,TPE
Fed/BJK Cup,1982-07-25,World Group,Hard,United States,Quarter Finals,Consolation Round,4-6 6-1 6-1,,,,Adriana Villagran-Reami,ARG,,,Hsiu-Tsuan Wen,TPE
Fed/BJK Cup,1982-07-25,World Group,Hard,United States,Semi Finals,Consolation Round,6-0 7-6(0),,,,Carling Bassett-Seguso,CAN,,,Adriana Villagran-Reami,ARG
Fed/BJK Cup,1982-07-25,World Group,Hard,United States,Semi Finals,Consolation Round,4-6 7-5 6-2,,,,Ivanna Madruga-Osses,ARG,,,Marjorie Blackwood,CAN
Fed/BJK Cup,1982-07-25,World Group,Hard,United States,Last 32,Main Draw,6-4 6-4,,,,Laura Gildemeister,PER,,,Ivanna Madruga-Osses,ARG
Fed/BJK Cup,1982-07-25,World Group,Hard,United States,Last 32,Main Draw,6-3 3-6 6-2,,,,Emilse Rapponi-Longo,ARG,,,Pilar Vasquez,PER
Fed/BJK Cup,1982-07-25,World Group,Hard,United States,Last 16,Consolation Round,6-0 6-3,,,,Adriana Villagran-Reami,ARG,,,Sadia Berthe-Hoffman,SEN
Fed/BJK Cup,1980-05-25,World Group,Clay,Germany,Last 32,Main Draw,6-3 6-2,,,,Claudia Casabianca,ARG,,,Elly Appel,NED
Fed/BJK Cup,1980-05-25,World Group,Clay,Germany,Last 32,Main Draw,7-5 6-1,,,,Ivanna Madruga-Osses,ARG,,,Marcella Mesker,NED
Fed/BJK Cup,1980-05-25,World Group,Clay,Germany,Last 16,Main Draw,5-7 7-6(0) 6-2,,,,Sue Barker,GBR,,,Adriana Villagran-Reami,ARG
Fed/BJK Cup,1980-05-25,World Group,Clay,Germany,Last 16,Main Draw,7-5 7-5,,,,Ivanna Madruga-Osses,ARG,,,Virginia Wade,GBR
Fed/BJK Cup,1979-05-06,World Group,Clay,Spain,Last 32,Main Draw,6-2 7-5,,,,Elly Appel,NED,,,Emilse Rapponi-Longo,ARG
Fed/BJK Cup,1979-05-06,World Group,Clay,Spain,Final,Consolation Round,6-0 5-7 6-4,,,,Emilse Rapponi-Longo,ARG,,,Carmen Perea-Alcala,ESP
Fed/BJK Cup,1979-05-06,World Group,Clay,Spain,Last 32,Main Draw,6-4 6-4,,,,Betty Stove,NED,,,Ivanna Madruga-Osses,ARG
Fed/BJK Cup,1979-05-06,World Group,Clay,Spain,Last 16,Consolation Round,6-3 6-1,,,,Ivanna Madruga-Osses,ARG,,,Judit Szorenyi,HUN
Fed/BJK Cup,1979-05-06,World Group,Clay,Spain,Final,Consolation Round,6-1 6-3,,,,Adriana Villagran-Reami,ARG,,,Mónica Álvarez de Mon,ESP
Fed/BJK Cup,1979-05-06,World Group,Clay,Spain,Last 16,Consolation Round,8-6 7-5,,,,Emilse Raponi,ARG,,,Anna Nemeth,HUN
Fed/BJK Cup,1978-12-03,World Group,Grass,Australia,Last 32,Main Draw,11-9 2-6 6-4,,,,Ivanna Madruga-Osses,ARG,,,Dorte Ekner,DEN
Fed/BJK Cup,1978-12-03,World Group,Grass,Australia,Last 16,Main Draw,6-1 6-3,,,,Gail Benedetti,FRA,,,Raquel Giscafre,ARG
Fed/BJK Cup,1978-12-03,World Group,Grass,Australia,Last 16,Main Draw,6-4 6-2,,,,Francoise Durr,FRA,,,Ivanna Madruga-Osses,ARG
Fed/BJK Cup,1978-12-03,World Group,Grass,Australia,Last 32,Main Draw,6-2 6-4,,,,Raquel Giscafre,ARG,,,Anne-Mette Sorensen,DEN
Fed/BJK Cup,1977-06-18,World Group,Grass,United Kingdom,Last 32,Main Draw,0-6 6-4 6-3,,,,Leyla Musalem,CHI,,,Viviana Segal,ARG
Fed/BJK Cup,1977-06-18,World Group,Grass,United Kingdom,Last 16,Main Draw,6-4 6-4,,,,Mimi Wikstedt,SWE,,,Elvira Weisenberger,ARG
Fed/BJK Cup,1977-06-18,World Group,Grass,United Kingdom,Last 32,Main Draw,6-4 4-6 6-4,,,,Raquel Giscafre,ARG,,,Silvana Urroz,CHI
Fed/BJK Cup,1977-06-18,World Group,Grass,United Kingdom,Last 16,Main Draw,6-0 6-4,,,,Ingrid Bentzer,SWE,,,Raquel Giscafre,ARG
Fed/BJK Cup,1977-06-18,World Group,Grass,United Kingdom,Quarter Finals,Consolation Round,6-4 6-2,,,,Elvira Weisenberger,ARG,,,Marianne De Crop,BEL
Fed/BJK Cup,1977-06-18,World Group,Grass,United Kingdom,Last 16,Consolation Round,6-4 7-5,,,,Leyla Musalem,CHI,,,Viviana Segal,ARG
Fed/BJK Cup,1977-06-18,World Group,Grass,United Kingdom,Quarter Finals,Consolation Round,6-0 6-2,,,,Michele Gurdal,BEL,,,Viviana Segal,ARG
Fed/BJK Cup,1977-06-18,World Group,Grass,United Kingdom,Last 16,Consolation Round,6-3 4-6 6-3,,,,Raquel Giscafre,ARG,,,Silvana Urroz,CHI
Fed/BJK Cup,1976-08-29,World Group,I.carpet,United States,Last 16,Main Draw,6-0 6-3,,,,Betty Stove,NED,,,Raquel Giscafre,ARG
Fed/BJK Cup,1976-08-29,World Group,I.carpet,United States,Last 16,Main Draw,6-1 6-4,,,,Tine Zwaan,NED,,,Viviana Segal,ARG
Fed/BJK Cup,1976-08-29,World Group,I.carpet,United States,Last 32,Main Draw,6-1 7-6(0),,,,Raquel Giscafre,ARG,,,Judy Chaloner,NZL
Fed/BJK Cup,1976-08-29,World Group,I.carpet,United States,Last 32,Main Draw,7-5 6-0,,,,Viviana Segal,ARG,,,Pauline Elliott,NZL
Fed/BJK Cup,1975-05-11,World Group,Clay,France,Last 32,Main Draw,6-4 3-6 6-2,,,,Raquel Giscafre,ARG,,,Mima Jausovec,SLO
Fed/BJK Cup,1975-05-11,World Group,Clay,France,Last 16,Main Draw,2-6 6-4 6-3,,,,Raquel Giscafre,ARG,,,Helga Masthoff,FRG
Fed/BJK Cup,1975-05-11,World Group,Clay,France,Last 16,Main Draw,6-2 6-2,,,,Katja Ebbinghaus,FRG,,,Beatriz Araujo,ARG
Fed/BJK Cup,1975-05-11,World Group,Clay,France,Last 32,Main Draw,6-0 6-0,,,,Beatriz Araujo,ARG,,,Dora Alavantic,YUG
Fed/BJK Cup,1974-05-19,World Group,Clay,Italy,Semi Finals,Consolation Round,6-3 6-2,,,,Elvira Weisenberger,ARG,,,Monique Van Haver,BEL
Fed/BJK Cup,1974-05-19,World Group,Clay,Italy,Last 32,Main Draw,6-3 8-6,,,,Raquel Giscafre,ARG,,,Virginia Ruzici,ROU
Fed/BJK Cup,1974-05-19,World Group,Clay,Italy,Last 32,Main Draw,6-1 6-3,,,,Mariana Simionescu,ROU,,,Beatriz Araujo,ARG
Fed/BJK Cup,1974-05-19,World Group,Clay,Italy,Final,Consolation Round,8-6 6-8 6-3,,,,Hideko Goto,JPN,,,Elvira Weisenberger,ARG
Fed/BJK Cup,1974-05-19,World Group,Clay,Italy,Final,Consolation Round,6-1 6-3,,,,Raquel Giscafre,ARG,,,Kazuko Sawamatsu,JPN
Fed/BJK Cup,1974-05-19,World Group,Clay,Italy,Semi Finals,Consolation Round,6-3 6-2,,,,Raquel Giscafre,ARG,,,Michele Gurdal,BEL
Fed/BJK Cup,1974-05-19,World Group,Clay,Italy,Quarter Finals,Consolation Round,6-1 6-3,,,,Raquel Giscafre,ARG,,,Ellen Grindvold,NOR
Fed/BJK Cup,1974-05-19,World Group,Clay,Italy,Last 16,Consolation Round,6-1 6-3,,,,Elvira Weisenberger,ARG,,,Judy Chaloner,NZL
Fed/BJK Cup,1974-05-19,World Group,Clay,Italy,Last 16,Consolation Round,6-1 6-0,,,,Raquel Giscafre,ARG,,,Robyn Hunt,NZL
Fed/BJK Cup,1974-05-19,World Group,Clay,Italy,Quarter Finals,Consolation Round,6-1 6-0,,,,Beatriz Araujo,ARG,,,Bente Kjolstad,NOR
Fed/BJK Cup,1973-05-03,World Group,Clay,Germany,Last 16,Consolation Round,6-1 6-1,,,,Kazuko Sawamatsu,JPN,,,Ines Roget,ARG
Fed/BJK Cup,1973-05-03,World Group,Clay,Germany,Last 16,Consolation Round,6-3 7-5,,,,Hideko Goto,JPN,,,Elvira Weisenberger,ARG
Fed/BJK Cup,1973-05-01,World Group,Clay,Germany,Last 32,Main Draw,6-3 6-3,,,,Christina Sandberg,SWE,,,Ines Roget,ARG
Fed/BJK Cup,1973-05-01,World Group,Clay,Germany,Last 32,Main Draw,6-1 6-1,,,,Ingrid Bentzer,SWE,,,Raquel Giscafre,ARG
Fed/BJK Cup,1972-03-21,World Group,Hard,South Africa,Last 16,Main Draw,6-3 10-8,,,,Virginia Wade,GBR,,,Beatriz Araujo,ARG
Fed/BJK Cup,1972-03-21,World Group,Hard,South Africa,Last 16,Main Draw,6-3 7-5,,,,Winnie Wooldridge,GBR,,,Raquel Giscafre,ARG
Fed/BJK Cup,1972-03-20,World Group,Hard,South Africa,Last 32,Main Draw,9-7 8-10 6-4,,,,Leena Mutanen,FIN,,,Beatriz Araujo,ARG
Fed/BJK Cup,1972-03-20,World Group,Hard,South Africa,Last 32,Main Draw,6-1 6-0,,,,Raquel Giscafre,ARG,,,Helena Laitinen,FIN
Fed/BJK Cup,1970-12-28,World Group,Grass,Australia,Semi Finals,Consolation Round,6-1 6-1,,,,Kazuko Sawamatsu,JPN,,,Raquel Giscafre,ARG
Fed/BJK Cup,1970-12-28,World Group,Grass,Australia,Semi Finals,Consolation Round,6-2 2-6 6-3,,,,Kimiyo Hatanaka,JPN,,,Ines Roget,ARG
Fed/BJK Cup,1970-12-26,World Group,Grass,Australia,Last 16,Main Draw,6-4 11-9,,,,Robyn Hunt,NZL,,,Ines Roget,ARG
Fed/BJK Cup,1970-12-26,World Group,Grass,Australia,Last 16,Main Draw,9-7 6-3,,,,Marilyn Pryde,NZL,,,Raquel Giscafre,ARG
Fed/BJK Cup,1966-05-12,World Group,Clay,Italy,Last 16,Main Draw,6-4 6-4,,,,Edda Buding,FRG,,,Norma Baylon,ARG
Fed/BJK Cup,1966-05-12,World Group,Clay,Italy,Last 16,Main Draw,6-0 6-3,,,,Helga Masthoff,FRG,,,Graciela Moran,ARG
Fed/BJK Cup,1965-01-15,World Group,Grass,Australia,Last 16,Main Draw,7-5 6-4,,,,Elizabeth Terry,NZL,,,Nora Somoza,ARG
Fed/BJK Cup,1965-01-15,World Group,Grass,Australia,Last 16,Main Draw,6-3 6-3,,,,Norma Baylon,ARG,,,Ruia Morrison-Davy,NZL
Fed/BJK Cup,1964-09-03,World Group,Grass,United States,Quarter Finals,Main Draw,6-3 6-2,,,,Nancy Richey,USA,,,Ana-Maria Bocio,ARG
Fed/BJK Cup,1964-09-03,World Group,Grass,United States,Quarter Finals,Main Draw,12-10 9-7,,,,Billie Jean King,USA,,,Norma Baylon,ARG
Fed/BJK Cup,1964-09-02,World Group,Grass,United States,Last 16,Main Draw,8-6 6-2,,,,Norma Baylon,ARG,,,Christiane Mercelis,BEL
Fed/BJK Cup,1964-09-02,World Group,Grass,United States,Last 16,Main Draw,6-1 6-3,,,,Ana-Maria Bocio,ARG,,,Monique Bedoret,BEL
